{
  "version": 1,
  "author": "Eva Díaz",
  "editor": "wokwi",
  "parts": [
    { "type": "wokwi-breadboard", "id": "bb1", "top": -108.6, "left": -227.6, "attrs": {} },
    { "type": "wokwi-arduino-uno", "id": "uno", "top": 183, "left": -19.8, "attrs": {} },
    {
      "type": "wokwi-photoresistor-sensor",
      "id": "ldr1",
      "top": -173.1,
      "left": 32.9,
      "rotate": 90,
      "attrs": {}
    },
    {
      "type": "wokwi-dht22",
      "id": "dht1",
      "top": -172.5,
      "left": 196.2,
      "attrs": { "temperature": "22.5", "humidity": "40.5" }
    },
    {
      "type": "wokwi-resistor",
      "id": "r1",
      "top": -4.8,
      "left": 76.25,
      "rotate": 90,
      "attrs": { "value": "10000" }
    },
    {
      "type": "wokwi-gas-sensor",
      "id": "gas1",
      "top": -148,
      "left": -102.7,
      "rotate": 90,
      "attrs": {}
    },
    {
      "type": "wokwi-led",
      "id": "led1",
      "top": -22.8,
      "left": -418.6,
      "attrs": { "color": "white" }
    },
    {
      "type": "wokwi-led",
      "id": "led2",
      "top": -118.8,
      "left": -418.6,
      "attrs": { "color": "white" }
    },
    {
      "type": "wokwi-led",
      "id": "led3",
      "top": -70.8,
      "left": -418.6,
      "attrs": { "color": "white" }
    },
    {
      "type": "wokwi-led",
      "id": "led4",
      "top": 25.2,
      "left": -418.6,
      "attrs": { "color": "white" }
    },
    {
      "type": "wokwi-led",
      "id": "led5",
      "top": 73.2,
      "left": -418.6,
      "attrs": { "color": "white" }
    },
    {
      "type": "wokwi-led",
      "id": "led6",
      "top": 121.2,
      "left": -418.6,
      "attrs": { "color": "white" }
    },
    {
      "type": "wokwi-led",
      "id": "led7",
      "top": 169.2,
      "left": -418.6,
      "attrs": { "color": "white" }
    },
    {
      "type": "wokwi-servo",
      "id": "servo1",
      "top": 400.4,
      "left": -410,
      "rotate": 180,
      "attrs": {}
    },
    {
      "type": "wokwi-servo",
      "id": "servo2",
      "top": 294.8,
      "left": -400.4,
      "rotate": 180,
      "attrs": {}
    },
    { "type": "wokwi-74hc595", "id": "sr1", "top": -30, "left": -196.16, "attrs": {} },
    {
      "type": "wokwi-resistor",
      "id": "r2",
      "top": -82.45,
      "left": -364.8,
      "attrs": { "value": "220" }
    },
    {
      "type": "wokwi-resistor",
      "id": "r3",
      "top": -34.45,
      "left": -364.8,
      "attrs": { "value": "220" }
    },
    {
      "type": "wokwi-resistor",
      "id": "r4",
      "top": 13.55,
      "left": -364.8,
      "attrs": { "value": "220" }
    },
    {
      "type": "wokwi-resistor",
      "id": "r5",
      "top": 61.55,
      "left": -364.8,
      "attrs": { "value": "220" }
    },
    {
      "type": "wokwi-resistor",
      "id": "r6",
      "top": 109.55,
      "left": -364.8,
      "attrs": { "value": "220" }
    },
    {
      "type": "wokwi-resistor",
      "id": "r7",
      "top": 157.55,
      "left": -364.8,
      "attrs": { "value": "220" }
    },
    {
      "type": "wokwi-resistor",
      "id": "r8",
      "top": 205.55,
      "left": -364.8,
      "attrs": { "value": "220" }
    },
    {
      "type": "wokwi-led",
      "id": "led8",
      "top": 226.8,
      "left": -418.6,
      "attrs": { "color": "white" }
    },
    {
      "type": "wokwi-resistor",
      "id": "r9",
      "top": 263.15,
      "left": -364.8,
      "attrs": { "value": "220" }
    },
    {
      "type": "wokwi-text",
      "id": "text1",
      "top": 307.2,
      "left": -364.8,
      "attrs": { "text": "Enfriador" }
    },
    {
      "type": "wokwi-text",
      "id": "text2",
      "top": 412.8,
      "left": -374.4,
      "attrs": { "text": "Calentador" }
    },
    {
      "type": "wokwi-lcd2004",
      "id": "lcd2",
      "top": 304,
      "left": 360.8,
      "attrs": { "pins": "i2c" }
    },
    { "type": "wokwi-relay-module", "id": "relay1", "top": 125, "left": 460.8, "attrs": {} },
    { "type": "wokwi-relay-module", "id": "relay2", "top": 230.6, "left": 460.8, "attrs": {} },
    {
      "type": "wokwi-text",
      "id": "text3",
      "top": 96,
      "left": 480,
      "attrs": { "text": "humidificador" }
    },
    {
      "type": "wokwi-text",
      "id": "text4",
      "top": 201.6,
      "left": 470.4,
      "attrs": { "text": "deshumidificador" }
    }
  ],
  "connections": [
    [ "r1:2", "bb1:bn.26", "green", [ "h0" ] ],
    [ "uno:GND.2", "bb1:bn.7", "black", [ "v28.7", "h-178.5" ] ],
    [ "uno:5V", "bb1:tp.8", "red", [ "v19.1", "h-159.4" ] ],
    [ "ldr1:VCC", "bb1:tp.31", "red", [ "v9.6", "h28.8" ] ],
    [ "dht1:VCC", "bb1:tp.33", "red", [ "v0", "h-38.4" ] ],
    [ "dht1:GND", "bb1:bn.40", "black", [ "v0", "h9.6" ] ],
    [ "ldr1:GND", "bb1:bn.28", "black", [ "v0" ] ],
    [ "gas1:AOUT", "uno:A1", "green", [ "v441.6", "h105.6" ] ],
    [ "gas1:VCC", "bb1:tp.10", "red", [ "v9.6", "h-37.5" ] ],
    [ "gas1:GND", "bb1:bn.14", "black", [ "v0" ] ],
    [ "dht1:SDA", "uno:2", "green", [ "v192", "h-95.9" ] ],
    [ "uno:A0", "bb1:33t.c", "green", [ "v-211.3", "h-44.2", "v-163.2", "h48" ] ],
    [ "sr1:VCC", "bb1:tp.1", "red", [ "v0" ] ],
    [ "sr1:GND", "bb1:bn.6", "black", [ "v0" ] ],
    [ "led2:A", "r2:1", "green", [ "v0" ] ],
    [ "led3:A", "r3:1", "green", [ "v0" ] ],
    [ "led1:A", "r4:1", "green", [ "v0" ] ],
    [ "led4:A", "r5:1", "green", [ "v0" ] ],
    [ "led5:A", "r6:1", "green", [ "v0" ] ],
    [ "led6:A", "r7:1", "green", [ "v0" ] ],
    [ "led7:A", "r8:1", "green", [ "v0" ] ],
    [ "r2:2", "sr1:Q0", "green", [ "v0", "h123.6" ] ],
    [ "r4:2", "sr1:Q2", "green", [ "v0", "h114" ] ],
    [ "r5:2", "sr1:Q3", "green", [ "v0", "h123.6" ] ],
    [ "r6:2", "sr1:Q4", "green", [ "v0", "h56.4", "v-48", "h86.4" ] ],
    [ "r7:2", "sr1:Q5", "green", [ "v0", "h56.4", "v-96", "h96" ] ],
    [ "r8:2", "sr1:Q6", "green", [ "v0", "h56.4", "v-144", "h105.6" ] ],
    [ "led8:A", "r9:1", "green", [ "v0" ] ],
    [ "r9:2", "sr1:Q7", "green", [ "v0", "h56.4", "v-201.6", "h115.2" ] ],
    [ "r3:2", "sr1:Q1", "green", [ "v0", "h85.2", "v38.4" ] ],
    [ "sr1:DS", "uno:3", "green", [ "v-46.8", "h96", "v230.4", "h288" ] ],
    [ "sr1:SHCP", "uno:4", "green", [ "v-37.2", "h48", "v201.6", "h297.6" ] ],
    [ "sr1:STCP", "uno:5", "green", [ "v-37.2", "h57.6", "v182.4", "h28.8" ] ],
    [ "sr1:MR", "bb1:tp.5", "red", [ "v0" ] ],
    [ "sr1:OE", "bb1:bn.1", "black", [ "v-18", "h-48", "v134.4" ] ],
    [ "servo2:GND", "bb1:bn.2", "black", [ "h0" ] ],
    [ "servo1:GND", "bb1:bn.3", "black", [ "h0" ] ],
    [ "servo2:PWM", "uno:11", "orange", [ "h166", "v-183.4", "h19.2" ] ],
    [ "servo1:PWM", "uno:12", "orange", [ "h201.6", "v-278.6", "h153.6" ] ],
    [ "servo2:V+", "bb1:bp.1", "red", [ "h0" ] ],
    [ "servo1:V+", "bb1:bp.5", "red", [ "h86.4", "v-0.1" ] ],
    [ "uno:5V", "bb1:bp.11", "red", [ "v38.3", "h-207.4" ] ],
    [ "bb1:tn.1", "led2:C", "green", [ "v-38.5", "h-250.4", "v48" ] ],
    [ "led3:C", "bb1:tn.2", "green", [ "v-9.6", "h-28.4", "v-86.4", "h259.2" ] ],
    [ "led1:C", "bb1:tn.3", "green", [ "v0", "h-28.4", "v-144", "h268.8" ] ],
    [ "led4:C", "bb1:tn.4", "green", [ "v0", "h-28.4", "v-192", "h278.4" ] ],
    [ "led5:C", "bb1:tn.5", "green", [ "v0", "h-28.4", "v-240", "h288" ] ],
    [ "led6:C", "bb1:tn.6", "green", [ "v0", "h-28.4", "v-288", "h307.2" ] ],
    [ "led7:C", "bb1:tn.7", "green", [ "v0", "h-28.4", "v-336", "h316.8" ] ],
    [ "bb1:tn.9", "led8:C", "green", [ "v-38.5", "h-336.8", "v393.6" ] ],
    [ "uno:GND.3", "bb1:tn.42", "black", [ "v115.1", "h128.8", "v-576" ] ],
    [ "lcd2:SDA", "uno:A4", "green", [ "h-19.2", "v96.2", "h-67.2" ] ],
    [ "lcd2:SCL", "uno:A5", "green", [ "h-38.4", "v57.9", "h-38.4" ] ],
    [ "lcd2:GND", "bb1:bn.45", "black", [ "h0" ] ],
    [ "lcd2:VCC", "bb1:bp.43", "red", [ "h-19.2", "v0.1" ] ],
    [ "ldr1:VCC", "bb1:36t.a", "", [ "$bb" ] ],
    [ "ldr1:GND", "bb1:35t.a", "", [ "$bb" ] ],
    [ "ldr1:DO", "bb1:34t.a", "", [ "$bb" ] ],
    [ "ldr1:AO", "bb1:33t.a", "", [ "$bb" ] ],
    [ "dht1:VCC", "bb1:44t.a", "", [ "$bb" ] ],
    [ "dht1:SDA", "bb1:45t.a", "", [ "$bb" ] ],
    [ "dht1:NC", "bb1:46t.a", "", [ "$bb" ] ],
    [ "dht1:GND", "bb1:47t.a", "", [ "$bb" ] ],
    [ "r1:1", "bb1:33t.d", "", [ "$bb" ] ],
    [ "r1:2", "bb1:33b.h", "", [ "$bb" ] ],
    [ "gas1:AOUT", "bb1:20t.b", "", [ "$bb" ] ],
    [ "gas1:DOUT", "bb1:19t.b", "", [ "$bb" ] ],
    [ "gas1:GND", "bb1:18t.b", "", [ "$bb" ] ],
    [ "gas1:VCC", "bb1:17t.b", "", [ "$bb" ] ],
    [ "sr1:Q7S", "bb1:9t.d", "", [ "$bb" ] ],
    [ "sr1:MR", "bb1:8t.d", "", [ "$bb" ] ],
    [ "sr1:SHCP", "bb1:7t.d", "", [ "$bb" ] ],
    [ "sr1:STCP", "bb1:6t.d", "", [ "$bb" ] ],
    [ "sr1:OE", "bb1:5t.d", "", [ "$bb" ] ],
    [ "sr1:DS", "bb1:4t.d", "", [ "$bb" ] ],
    [ "sr1:Q0", "bb1:3t.d", "", [ "$bb" ] ],
    [ "sr1:VCC", "bb1:2t.d", "", [ "$bb" ] ],
    [ "relay1:VCC", "bb1:bp.50", "red", [ "h0" ] ],
    [ "relay2:VCC", "bb1:bp.49", "red", [ "h0" ] ],
    [ "relay1:GND", "bb1:bn.50", "black", [ "h0" ] ],
    [ "relay2:GND", "bb1:bn.49", "black", [ "h0" ] ],
    [ "relay1:IN", "uno:6", "green", [ "h0" ] ],
    [ "relay2:IN", "uno:7", "green", [ "h-201.6", "v-96.2", "h-86.4" ] ]
  ],
  "dependencies": {}
}